{"accuracy": [0.5882921814918518, 0.8628209829330444, 0.9134789109230042, 0.9411907196044922, 0.9545202255249023, 0.9655451774597168, 0.97247314453125, 0.9768689274787903, 0.9790738821029663, 0.9823742508888245], "loss": [1.4035301208496094, 0.43335145711898804, 0.26229000091552734, 0.17893901467323303, 0.13806253671646118, 0.10359786450862885, 0.08371708542108536, 0.07180403918027878, 0.06428082287311554, 0.055419329553842545], "val_accuracy": [0.8271682262420654, 0.9079216718673706, 0.9345549941062927, 0.9370589852333069, 0.9555543065071106, 0.9465057849884033, 0.9639198780059814, 0.961586594581604, 0.9397336840629578, 0.9639768004417419], "val_loss": [0.5366814732551575, 0.281756192445755, 0.20149409770965576, 0.19915036857128143, 0.14894281327724457, 0.17921000719070435, 0.12148579210042953, 0.13158923387527466, 0.20417465269565582, 0.12290319800376892]}